word,meaning,pos,example,level
abandon,포기하다/버리다,v,"He abandoned the plan when funding fell through.",1
abate,줄어들다/약화되다,v,"The storm finally began to abate after midnight.",4
abbreviate,줄이다/축약하다,v,"Please abbreviate the title for the header.",3
abduct,납치하다,v,"Police believe the suspect abducted the child.",1
aberrant,정상에서 벗어난,adj,"The scientist noted an aberrant reading on the sensor.",5
abhor,몹시 싫어하다,v,"She abhors any form of dishonesty.",4
abide,따르다/준수하다,v,"Employees must abide by the safety rules.",3
abolish,폐지하다,v,"The council voted to abolish the old tax.",2
abrupt,갑작스러운,adj,"His abrupt departure surprised everyone.",2
abscond,몰래 도망치다,v,"The treasurer absconded with the club's funds.",5
absolve,면죄하다/책임을 벗겨주다,v,"The report absolved the driver of any blame.",5
abstain,자제하다/기권하다,v,"Two members chose to abstain from the vote.",3
abundant,풍부한,adj,"The region has abundant natural resources.",2
accede,동의하다/응하다,v,"The manager finally acceded to their request.",5
accentuate,강조하다/두드러지게 하다,v,"The lighting accentuated the sharp angles of the building.",4
accessible,접근 가능한,adj,"The report should be accessible to all employees.",1
acclaim,칭송하다,v,"Critics acclaimed the film for its originality.",3
accommodate,수용하다,v,"The hall can accommodate up to five hundred guests.",1
accord,일치/부여하다,n,"The two reports are in accord on the final numbers.",3
accumulate,축적하다,v,"Dust had accumulated on the shelves for months.",2
acquiesce,마지못해 동의하다,v,"She acquiesced to the new schedule without complaint.",5
acrimonious,격렬한/신랄한,adj,"The negotiation turned acrimonious by the third hour.",5
acute,급성의/예리한,adj,"He has an acute sense of timing in meetings.",2
adamant,단호한,adj,"She was adamant that the deadline could not move.",3
adept,능숙한,adj,"He is adept at resolving conflicts quickly.",4
adhere,고수하다/부착되다,v,"All staff must adhere to the new dress code.",3
adjacent,인접한,adj,"The warehouse is adjacent to the main office.",2
adjourn,휴회하다/연기하다,v,"The committee adjourned the meeting until Friday.",3
admonish,훈계하다/경고하다,v,"The supervisor admonished the team for the delay.",5
adroit,솜씨 좋은,adj,"She gave an adroit response to the tough question.",5
adulterate,불순물을 섞다,v,"The company was fined for adulterating the product.",5
adverse,불리한,adj,"The drug can have adverse effects on some patients.",2
advocate,지지하다/옹호자,v,"The lawyer advocated for stronger consumer protection.",2
aesthetic,미적인,adj,"The redesign focused on both aesthetic and function.",2
affable,상냥한,adj,"The new director is affable and easy to talk to.",5
affluent,부유한,adj,"The affluent suburb attracted many new businesses.",3
aggravate,악화시키다,v,"Poor ventilation can aggravate the problem.",2
agile,민첩한,adj,"The startup remained agile despite rapid growth.",2
alienate,멀어지게 하다/소외시키다,v,"The policy risks alienating loyal customers.",3
allege,주장하다,v,"The report alleges several accounting errors.",2
alleviate,완화하다,v,"The new software helped alleviate the workload.",3
allocate,할당하다,v,"The budget allocates more funds to research.",2
altruistic,이타적인,adj,"Her altruistic donations surprised the board.",4
ambiguous,모호한,adj,"The instructions were too ambiguous to follow.",2
ambivalent,양가적인,adj,"He felt ambivalent about accepting the promotion.",4
amend,수정하다,v,"The board voted to amend the bylaws.",2
amiable,다정한,adj,"The amiable host made everyone feel welcome.",4
amicable,우호적인,adj,"They reached an amicable settlement out of court.",3
amplify,증폭시키다/확대하다,v,"Social media can amplify small controversies.",2
anarchy,무정부 상태,n,"The sudden power vacuum led to anarchy.",3
anecdote,일화,n,"He opened the speech with a short anecdote.",2
animosity,적대감,n,"There is longstanding animosity between the two firms.",2
anomaly,이례적인 것,n,"The audit found an anomaly in last month's report.",3
antagonize,적대시하다,v,"The comment only antagonized the other team.",5
antecedent,선행 사건/앞서는,n,"The proposal has no clear antecedent in past policy.",5
antipathy,반감,n,"He showed open antipathy toward the new rules.",5
apathy,무관심,n,"Voter apathy was blamed for the low turnout.",4
apex,정점,n,"The company reached the apex of its success in 2019.",2
appease,달래다,v,"The manager tried to appease the angry client.",3
apprehensive,불안한/염려하는,adj,"She felt apprehensive before the presentation.",3
arbitrary,임의적인,adj,"The rule seemed arbitrary and poorly explained.",2
arbitrate,중재하다,v,"A neutral panel will arbitrate the dispute.",5
arcane,난해한/비밀스러운,adj,"The manual is full of arcane technical terms.",5
ardent,열렬한,adj,"He is an ardent supporter of the reform.",5
arduous,힘든,adj,"The migration to the new system was an arduous task.",4
arrogant,거만한,adj,"His arrogant tone annoyed the whole team.",1
articulate,또렷하게 말하다/명료한,adj,"She is articulate even under pressure.",2
ascertain,확인하다/알아내다,v,"We need to ascertain the cause of the delay.",4
askew,비뚤어진,adj,"The picture frame was hanging askew.",3
aspire,열망하다,v,"Many interns aspire to become full-time analysts.",2
assert,주장하다/단언하다,v,"He asserted that the figures were accurate.",2
assiduous,근면한,adj,"Her assiduous note-taking impressed the professor.",5
assimilate,동화되다/흡수하다,v,"New hires quickly assimilate into the team culture.",4
astute,기민한/영리한,adj,"The astute investor spotted the trend early.",4
audacious,대담한,adj,"The startup made an audacious bid for the market leader.",2
augment,증대시키다,v,"The firm hired consultants to augment its staff.",2
austere,엄격한/소박한,adj,"The office has an austere, minimalist design.",4
authentic,진정한,adj,"The museum verified the painting as authentic.",1
autonomous,자율적인,adj,"Each branch operates as an autonomous unit.",2
avarice,탐욕,n,"The novel explores the avarice of the ruling class.",5
aversion,혐오/반감,n,"He has a strong aversion to public speaking.",5
avert,피하다/막다,v,"Quick action helped avert a major outage.",2
banal,따분한/평범한,adj,"The speech was full of banal corporate phrases.",5
belligerent,적대적인/전투적인,adj,"His belligerent attitude escalated the argument.",5
benevolent,자비로운,adj,"The benevolent donor funded the entire library.",4
benign,자비로운/온화한,adj,"The tumor turned out to be benign.",2
bewilder,어리둥절하게 하다,v,"The complex form bewildered most applicants.",3
bias,편견,n,"The survey may contain unconscious bias.",1
blatant,노골적인,adj,"It was a blatant violation of company policy.",2
bleak,암울한,adj,"The economic outlook remains bleak for now.",2
bolster,강화하다,v,"New evidence bolstered her argument.",3
boycott,불매 운동을 하다,v,"Consumers threatened to boycott the brand.",1
brevity,간결함,n,"The editor praised the brevity of the report.",4
brittle,부서지기 쉬운,adj,"The old plastic casing had become brittle.",1
buoyant,쾌활한/부양하는,adj,"Investors remained buoyant despite the news.",3
bureaucracy,관료제,n,"Cutting through the bureaucracy took weeks.",3
callous,냉담한,adj,"His callous remark upset the whole team.",4
candid,솔직한,adj,"She gave a candid assessment of the project.",2
capricious,변덕스러운,adj,"The market has been capricious this quarter.",5
captivate,매혹시키다,v,"The keynote speaker captivated the audience.",3
cardinal,가장 중요한/기본적인,adj,"Honesty is a cardinal rule in this office.",4
catalyst,촉매/기폭제,n,"The merger acted as a catalyst for change.",3
caustic,신랄한/부식성의,adj,"His caustic review discouraged new customers.",5
cede,양도하다,v,"The company ceded market share to a rival.",5
censure,비난하다,v,"The board voted to censure the executive.",5
chronic,만성적인,adj,"The system suffers from chronic downtime.",1
circumspect,신중한,adj,"Investors were circumspect about the new venture.",5
circumvent,회피하다,v,"They found a way to circumvent the restriction.",4
coalesce,합쳐지다,v,"The two departments coalesced into one team.",5
coerce,강요하다,v,"No one should be coerced into overtime work.",3
cogent,설득력 있는,adj,"She made a cogent case for the new policy.",5
coherent,일관성 있는,adj,"Her explanation was coherent and easy to follow.",2
collaborate,협력하다,v,"The two teams collaborated on the launch.",1
collateral,부수적인/담보,adj,"The loan required collateral from the borrower.",3
commence,시작하다,v,"The training session will commence at nine.",3
commensurate,상응하는,adj,"The bonus was commensurate with performance.",5
compelling,설득력 있는,adj,"He gave a compelling argument for the budget cut.",2
complacent,자기만족적인,adj,"The firm grew complacent after early success.",4
compliance,준수,n,"The audit checks for regulatory compliance.",2
comprehensive,종합적인,adj,"The report offers a comprehensive overview.",2
compromise,타협하다,v,"Both sides agreed to compromise on the price.",1
concede,인정하다/양보하다,v,"She conceded that the plan had flaws.",3
conciliatory,화해적인,adj,"He adopted a conciliatory tone during the talks.",5
concise,간결한,adj,"Keep the email concise and to the point.",2
concur,동의하다,v,"The other reviewers concur with the assessment.",4
condone,용납하다,v,"Management will not condone such behavior.",4
confer,수여하다/상의하다,v,"They conferred for hours before deciding.",4
confidential,기밀의,adj,"The document is strictly confidential.",1
confiscate,압수하다,v,"Customs confiscated the undeclared goods.",1
congenial,마음에 맞는,adj,"The office has a congenial working atmosphere.",5
congruent,일치하는,adj,"The results are congruent with earlier findings.",5
conscientious,양심적인/성실한,adj,"She is a conscientious and reliable worker.",2
consensus,합의,n,"The team reached a consensus on the design.",3
consolidate,통합하다,v,"The two branches will consolidate next year.",2
conspicuous,눈에 띄는,adj,"The error was conspicuous on the first page.",4
constrain,제약하다,v,"Budget cuts constrained the project's scope.",2
contemplate,고려하다/숙고하다,v,"She is contemplating a career change.",3
contentious,논쟁적인,adj,"Pricing remains a contentious issue internally.",4
contingent,조건부의/~에 달려 있는,adj,"The offer is contingent on final approval.",4
controversy,논란,n,"The decision sparked immediate controversy.",1
convene,모이다/소집하다,v,"The board will convene next Monday.",4
conventional,전통적인/관습적인,adj,"They chose a conventional marketing approach.",2
converge,수렴하다,v,"The two projects converged into one product.",4
corroborate,입증하다,v,"New data corroborates the earlier finding.",5
credible,신뢰할 만한,adj,"The witness gave a credible account of events.",2
cryptic,불가사의한,adj,"His cryptic reply left everyone confused.",3
culpable,비난받을 만한,adj,"The audit found the manager culpable for the loss.",5
cumbersome,다루기 힘든,adj,"The old approval process was cumbersome.",4
curtail,축소하다,v,"The company had to curtail its travel budget.",4
cynical,냉소적인,adj,"He grew cynical after years in the industry.",2
daunting,벅찬/힘겨운,adj,"The migration was a daunting technical task.",2
deceptive,기만적인,adj,"The ad's claims were deceptive and misleading.",2
decisive,결단력 있는,adj,"She made a decisive call under pressure.",2
decree,명령/법령,n,"The new decree changes the import tax rate.",3
deduce,추론하다,v,"We can deduce the cause from the log files.",2
defer,연기하다/따르다,v,"They decided to defer the decision until March.",4
deficient,부족한,adj,"The report was deficient in supporting data.",4
defunct,더 이상 존재하지 않는,adj,"The defunct division was closed last year.",2
degrade,저하시키다,v,"Heavy use can degrade the equipment quickly.",2
deleterious,해로운,adj,"The chemical has a deleterious effect on soil.",5
deliberate,고의적인/신중히 생각하다,adj,"It was a deliberate attempt to mislead investors.",2
delineate,윤곽을 그리다/규정하다,v,"The contract delineates each party's duties.",5
demeanor,태도/처신,n,"Her calm demeanor reassured the team.",4
demise,종말/사망,n,"Poor planning led to the company's demise.",4
denounce,비난하다/규탄하다,v,"The union denounced the sudden layoffs.",4
deplete,고갈시키다,v,"Overtime work depleted the team's energy.",3
deplore,개탄하다,v,"Analysts deplored the lack of transparency.",5
deprecate,비난하다/폄하하다,v,"The old feature has been deprecated.",5
deride,조롱하다,v,"Critics derided the plan as unrealistic.",5
derive,파생되다/얻다,v,"The name derives from an old local word.",2
desolate,황량한,adj,"The abandoned factory looked desolate at night.",3
despondent,낙담한,adj,"He felt despondent after the failed pitch.",5
deter,저지하다,v,"Higher fees may deter casual users.",2
deteriorate,악화되다,v,"Relations between the partners deteriorated quickly.",2
devastate,황폐화시키다,v,"The scandal devastated the company's reputation.",1
deviate,벗어나다,v,"The results deviate slightly from the forecast.",4
devious,교묘한/부정직한,adj,"He used devious tactics to win the contract.",3
diffident,자신 없는,adj,"She seemed diffident about presenting the idea.",5
diligent,근면한,adj,"The diligent intern finished early every time.",2
diminish,줄어들다,v,"Demand for the product began to diminish.",2
discern,식별하다,v,"It's hard to discern any real progress this month.",4
discord,불화,n,"There was clear discord among the executives.",4
discreet,신중한,adj,"Please be discreet about the merger talks.",4
discrepancy,불일치,n,"There is a discrepancy between the two invoices.",4
disdain,경멸,n,"He treated the junior staff with disdain.",3
disparage,폄하하다,v,"She never disparages a colleague's work in public.",5
disparity,차이/격차,n,"There is a wide disparity in regional sales.",4
dispel,떨쳐버리다,v,"The CEO's memo helped dispel the rumors.",4
disperse,흩어지다,v,"The crowd dispersed once the announcement ended.",4
disrupt,방해하다/붕괴시키다,v,"The outage disrupted service for two hours.",2
dissent,반대,n,"There was quiet dissent within the committee.",4
dissipate,흩어져 사라지다,v,"The initial excitement soon dissipated.",5
distinct,뚜렷한,adj,"The two proposals have distinct advantages.",2
distort,왜곡하다,v,"The chart distorts the actual growth rate.",2
diverge,갈라지다,v,"Their opinions diverge on pricing strategy.",4
divulge,누설하다,v,"He refused to divulge the client's details.",4
dogmatic,독단적인,adj,"She was dogmatic about the old process.",5
dubious,의심스러운,adj,"The claim seemed dubious at best.",2
duplicity,이중성/기만,n,"The scandal exposed years of duplicity.",5
eclectic,다양한 출처를 취하는,adj,"The team has an eclectic mix of skills.",3
edify,교화하다/계몽하다,v,"The workshop was meant to edify new managers.",5
efface,지우다,v,"Time had effaced most of the old signage.",5
egregious,매우 나쁜/지독한,adj,"That was an egregious error in the report.",5
elaborate,정교한/자세히 설명하다,adj,"Could you elaborate on the second point.",2
elicit,이끌어내다,v,"The survey aimed to elicit honest feedback.",4
elusive,파악하기 힘든,adj,"A clear answer remained elusive.",4
emaciated,수척한,adj,"The rescued animals looked emaciated.",5
embellish,꾸미다/미화하다,v,"He tends to embellish his achievements.",4
eminent,저명한,adj,"An eminent scholar joined the review panel.",4
empathy,공감,n,"Good managers show empathy toward their staff.",1
empirical,경험적인/실증적인,adj,"The claim lacks any empirical evidence.",4
emulate,모방하다,v,"Smaller firms try to emulate the market leader.",4
encompass,포함하다,v,"The plan encompasses all regional offices.",4
endorse,지지하다/승인하다,v,"The board endorsed the new strategy.",1
enervate,기력을 빼다,v,"The long commute enervated the whole team.",5
enigmatic,수수께끼 같은,adj,"The CEO's reply was oddly enigmatic.",5
enmity,적의,n,"There is old enmity between the two firms.",5
ephemeral,단기적인/일시적인,adj,"Social trends can be strikingly ephemeral.",5
equanimity,평정심,n,"She handled the crisis with remarkable equanimity.",5
equivocal,모호한,adj,"His equivocal answer satisfied no one.",5
eradicate,근절하다,v,"The new policy aims to eradicate fraud.",3
erratic,불규칙적인,adj,"Sales have been erratic since the launch.",2
erroneous,잘못된,adj,"The erroneous data skewed the whole forecast.",4
esoteric,난해한/전문적인,adj,"The manual is full of esoteric jargon.",5
espouse,지지하다,v,"He espouses a minimalist management style.",5
euphemism,완곡한 표현,n,"'Right-sizing' is a euphemism for layoffs.",4
evade,회피하다,v,"The firm was accused of trying to evade taxes.",3
evict,쫓아내다,v,"The landlord moved to evict the tenant.",2
exacerbate,악화시키다,v,"The delay only exacerbated client frustration.",4
exasperate,격분하게 하다,v,"Constant delays exasperated the whole team.",3
exemplary,모범적인,adj,"Her exemplary performance earned a promotion.",4
exhaustive,철저한,adj,"They conducted an exhaustive review of the code.",3
exhort,촉구하다,v,"The coach exhorted the team to push harder.",5
exonerate,무죄를 입증하다,v,"New evidence exonerated the accused employee.",5
expedite,신속히 처리하다,v,"Please expedite the shipment if possible.",2
explicit,명시적인,adj,"The contract has an explicit cancellation clause.",1
exploit,이용하다/착취하다,v,"Competitors exploited the gap in the market.",1
extol,크게 칭찬하다,v,"The article extols the benefits of remote work.",5
extraneous,관련 없는,adj,"Remove any extraneous details from the report.",5
extricate,빼내다/구출하다,v,"It took months to extricate the firm from debt.",5
fabricate,조작하다/제작하다,v,"He was fired for fabricating expense reports.",4
facetious,경솔한/우스갯소리의,adj,"His facetious comment was taken seriously.",5
facilitate,촉진하다,v,"The app facilitates faster communication.",3
fallacious,틀린/오류가 있는,adj,"The argument rests on a fallacious assumption.",5
fastidious,꼼꼼한/까다로운,adj,"She is fastidious about formatting details.",5
feasible,실행 가능한,adj,"The timeline seems feasible with more staff.",3
fervent,열렬한,adj,"He is a fervent advocate for clean energy.",4
fickle,변덕스러운,adj,"Consumer taste in this market is notoriously fickle.",3
flagrant,노골적인,adj,"It was a flagrant breach of contract.",3
flout,무시하다,v,"The vendor openly flouted the safety code.",5
forbear,자제하다,v,"Please forbear from interrupting the speaker.",5
forfeit,몰수당하다/잃다,v,"Late applicants forfeit their deposit.",2
formidable,강력한/어려운,adj,"They face a formidable competitor this year.",2
fortuitous,우연한/운 좋은,adj,"The timing of the deal was entirely fortuitous.",5
frivolous,경솔한/하찮은,adj,"The board rejected the request as frivolous.",3
frugal,절약하는,adj,"The startup remained frugal even after funding.",2
furtive,은밀한,adj,"He gave a furtive glance toward the exit.",4
futile,헛된,adj,"Arguing with him seemed futile.",2
garrulous,수다스러운,adj,"The garrulous client kept the meeting running long.",5
genial,친절한,adj,"The genial host greeted every guest personally.",4
germane,관련이 있는,adj,"That point isn't germane to today's agenda.",5
grandiose,거대한/과장된,adj,"His grandiose plans lacked a real budget.",4
gregarious,사교적인,adj,"She is gregarious and networks easily.",4
gullible,잘 속는,adj,"Scammers often target gullible investors.",2
hackneyed,흔한/낡은,adj,"The pitch relied on hackneyed buzzwords.",5
hamper,방해하다,v,"Bad weather hampered the delivery schedule.",2
haphazard,무계획적인,adj,"The filing system was completely haphazard.",3
hasten,재촉하다/서두르다,v,"The recall will hasten the redesign process.",4
haughty,거만한,adj,"His haughty manner alienated new clients.",3
hedonistic,쾌락주의적인,adj,"The ad appealed to hedonistic impulses.",5
heed,주의를 기울이다,v,"They failed to heed the early warning signs.",4
hindrance,장애물,n,"Outdated software became a real hindrance.",3
homogeneous,동질적인,adj,"The panel was fairly homogeneous in opinion.",4
hypocrisy,위선,n,"Employees resented the manager's hypocrisy.",3
idiosyncrasy,특이한 습성,n,"Every long-running system has its idiosyncrasies.",5
ignominious,불명예스러운,adj,"The quarter ended in ignominious failure.",5
illicit,불법적인,adj,"The audit uncovered an illicit side deal.",2
immaculate,완벽한/티끌 없는,adj,"The showroom was kept immaculate at all times.",4
imminent,임박한,adj,"A price hike is imminent, according to insiders.",2
impartial,공정한,adj,"An impartial reviewer checked all the entries.",3
impasse,난국/막다른 상황,n,"Talks reached an impasse after three hours.",4
impeccable,완벽한,adj,"Her impeccable timing saved the presentation.",4
imperative,반드시 해야 하는,adj,"It is imperative that we ship on schedule.",3
imperil,위태롭게 하다,v,"The lawsuit could imperil the entire merger.",5
impervious,영향받지 않는,adj,"He seemed impervious to the harsh criticism.",5
impetuous,성급한,adj,"His impetuous decision cost the firm dearly.",5
implausible,믿기 어려운,adj,"The excuse sounded implausible at best.",4
implicit,암묵적인,adj,"There was an implicit agreement not to compete.",3
imply,암시하다,v,"The tone of the email implies some frustration.",2
impromptu,즉흥적인,adj,"She gave an impromptu update at the meeting.",2
inadvertent,의도치 않은,adj,"It was an inadvertent error in the spreadsheet.",4
inception,시작,n,"Sales have grown steadily since inception.",3
incessant,끊임없는,adj,"The incessant notifications hurt productivity.",4
incite,조장하다/부추기다,v,"The post seemed designed to incite outrage.",4
inclination,경향/성향,n,"He has an inclination toward risk-averse choices.",4
incoherent,조리에 맞지 않는,adj,"The draft report was incoherent in places.",4
incompatible,양립할 수 없는,adj,"The two systems are simply incompatible.",1
incongruous,어울리지 않는,adj,"The bright colors felt incongruous with the brand.",5
inconsequential,중요하지 않은,adj,"The typo was inconsequential to the final score.",4
incorrigible,교정할 수 없는,adj,"He's an incorrigible procrastinator.",5
incumbent,현직의/재임 중인,adj,"The incumbent manager will step down in June.",4
indict,기소하다,v,"Prosecutors moved to indict the former officer.",3
indifferent,무관심한,adj,"Management seemed indifferent to the feedback.",2
indigenous,토착의,adj,"The report cites indigenous farming methods.",2
indignant,분개한,adj,"Customers were indignant about the price hike.",4
indolent,나태한,adj,"The team grew indolent once sales plateaued.",5
indomitable,불굴의,adj,"Her indomitable spirit kept the project alive.",5
inept,무능한,adj,"The rollout revealed some inept planning.",2
inevitable,불가피한,adj,"A price increase now seems inevitable.",2
infallible,절대 오류가 없는,adj,"No forecasting model is truly infallible.",3
infer,추론하다,v,"We can infer intent from the pattern of edits.",2
ingenious,기발한,adj,"The engineer found an ingenious workaround.",3
inherent,내재된,adj,"There is an inherent risk in any new venture.",3
innate,선천적인,adj,"She has an innate talent for negotiation.",3
innocuous,무해한,adj,"The update looked innocuous but broke the login.",4
innovative,혁신적인,adj,"The team pitched a genuinely innovative feature.",1
insatiable,만족할 줄 모르는,adj,"He has an insatiable appetite for new data.",5
insidious,은밀히 퍼지는/교묘한,adj,"Scope creep is an insidious project risk.",5
insinuate,암시하다/넌지시 말하다,v,"He insinuated that the numbers were altered.",5
insolent,무례한,adj,"The client found the reply rather insolent.",5
instigate,부추기다/유발하다,v,"The leaked memo instigated a wave of complaints.",4
insurmountable,극복할 수 없는,adj,"The debt seemed insurmountable at first.",4
integral,필수적인,adj,"Testing is integral to the release process.",3
integrity,진실성/온전함,n,"She is known for her professional integrity.",1
intermittent,간헐적인,adj,"The server had intermittent connection issues.",2
intractable,다루기 어려운,adj,"The bug turned out to be strangely intractable.",5
intransigent,비타협적인,adj,"The union stayed intransigent on the pay demand.",5
intrepid,대담한,adj,"The intrepid team launched despite the risk.",3
intricate,복잡한,adj,"The pricing model is quite intricate.",2
intrinsic,본질적인,adj,"The tool's intrinsic value lies in its simplicity.",3
inundate,쇄도하게 하다,v,"Support was inundated with tickets after launch.",3
invariably,변함없이,adv,"He invariably arrives ten minutes early.",4
inveterate,상습적인,adj,"He's an inveterate optimist about deadlines.",5
irascible,화를 잘 내는,adj,"The irascible client demanded an instant refund.",5
irrevocable,취소할 수 없는,adj,"The decision to shut down is irrevocable.",4
jeopardize,위태롭게 하다,v,"Missing this deadline could jeopardize the deal.",2
jubilant,매우 기뻐하는,adj,"The team was jubilant after the successful demo.",3
judicious,신중한/사려 깊은,adj,"A judicious use of resources saved the budget.",4
juxtapose,나란히 놓다,v,"The report juxtaposes last year's numbers.",5
keen,열망하는/예리한,adj,"She is keen to take on more responsibility.",2
labyrinthine,복잡한/미로 같은,adj,"Approval requires a labyrinthine set of forms.",5
laconic,말이 없는,adj,"His laconic reply left the room silent.",5
lament,애도하다/한탄하다,v,"Analysts lamented the missed opportunity.",3
languid,나른한,adj,"The office had a languid mood on Friday.",5
latent,잠재적인,adj,"There is latent demand in the overseas market.",4
laud,칭찬하다,v,"Reviewers lauded the app's clean design.",5
lavish,풍성한/후한,adj,"They threw a lavish launch party downtown.",2
lenient,관대한,adj,"The new policy is more lenient on late fees.",2
lethargic,무기력한,adj,"The team felt lethargic after the long sprint.",3
levy,부과하다/징수하다,v,"The city plans to levy a new parking tax.",3
litigious,소송을 좋아하는,adj,"The market has become increasingly litigious.",5
lucid,명료한,adj,"He gave a lucid explanation of the results.",3
lucrative,수익성이 좋은,adj,"They landed a lucrative overseas contract.",2
lurk,숨어 있다,v,"Hidden costs often lurk in long contracts.",1
magnanimous,관대한,adj,"She was magnanimous even after winning the case.",5
malicious,악의적인,adj,"The email contained malicious software.",1
malign,비방하다/악의적인,v,"He was accused of trying to malign a rival firm.",5
mandate,권한을 부여하다/명령,v,"The new law mandates annual safety reviews.",3
mar,손상시키다,v,"A single error marred an otherwise perfect launch.",3
meager,빈약한,adj,"The team had a meager budget for the project.",2
mediate,중재하다,v,"HR was asked to mediate the dispute.",2
mendacious,거짓된,adj,"The report contained several mendacious claims.",5
mercurial,변덕스러운,adj,"His mercurial temper made planning difficult.",5
meticulous,꼼꼼한,adj,"She is meticulous about details in every report.",3
mitigate,완화하다,v,"New safeguards will mitigate the risk.",3
mock,조롱하다/모의의,v,"Please don't mock a colleague's first attempt.",1
modest,겸손한/적당한,adj,"He gave a modest account of his achievements.",1
mollify,달래다,v,"A discount helped mollify the angry customer.",5
monotonous,단조로운,adj,"The task became monotonous after a few hours.",2
morose,침울한,adj,"He seemed morose after the project was cancelled.",4
mundane,평범한,adj,"Most of the job involves fairly mundane tasks.",3
mutinous,반항적인,adj,"The staff grew mutinous over the new hours.",5
naive,순진한,adj,"It was naive to expect no competition at all.",1
negate,무효화하다,v,"One bad review can negate months of marketing.",4
negligent,부주의한,adj,"The firm was found negligent in its oversight.",4
nonchalant,무심한,adj,"He stayed nonchalant despite the bad news.",3
notorious,악명 높은,adj,"The intersection is notorious for accidents.",1
nuance,미묘한 차이,n,"The translation missed a key cultural nuance.",3
nullify,무효화하다,v,"The court moved to nullify the old contract.",4
obdurate,고집스러운,adj,"He remained obdurate despite the new evidence.",5
obfuscate,모호하게 하다,v,"The report seemed written to obfuscate the loss.",5
oblique,간접적인/에두른,adj,"He made an oblique reference to the layoffs.",5
obscure,불분명한/무명의,adj,"The clause was buried in obscure legal language.",3
obsolete,구식의,adj,"The old software became obsolete overnight.",1
obstinate,고집 센,adj,"He was obstinate about keeping the old process.",4
obviate,불필요하게 하다,v,"Automation obviates the need for manual checks.",5
odious,혐오스러운,adj,"Employees found the new policy simply odious.",5
officious,거들먹거리는/간섭하는,adj,"The officious assistant kept overruling decisions.",5
ominous,불길한,adj,"The falling numbers were an ominous sign.",2
opaque,불투명한,adj,"The pricing structure felt deliberately opaque.",3
opportune,적절한/시기적절한,adj,"It was an opportune moment to raise prices.",4
opulent,호화로운,adj,"The new headquarters looked almost opulent.",3
ostensible,표면적인,adj,"The ostensible reason was budget cuts.",5
ostentatious,과시하는,adj,"The office renovation felt a bit ostentatious.",5
outlandish,기이한,adj,"The proposal sounded outlandish at first.",3
overt,명백한,adj,"There was overt disagreement in the meeting.",3
palpable,명백한/뚜렷한,adj,"Relief was palpable once the deal closed.",4
paradox,역설,n,"It's a paradox that cutting staff raised costs.",3
paramount,가장 중요한,adj,"Data security is paramount for this client.",4
partisan,편파적인/열성 지지자,adj,"The debate quickly became partisan.",3
pathetic,한심한/애처로운,adj,"The excuse sounded pathetic to the manager.",1
paucity,부족,n,"There was a paucity of reliable data.",5
pejorative,경멸적인,adj,"He used a pejorative term for the competitor.",5
penchant,애호/기호,n,"She has a penchant for detailed spreadsheets.",5
perfunctory,대충하는,adj,"He gave a perfunctory nod and left.",5
peripheral,주변적인,adj,"That feature is peripheral to the main product.",4
permeate,침투하다,v,"A sense of urgency permeated the whole office.",4
pernicious,해로운,adj,"Micromanagement had a pernicious effect on morale.",5
perpetuate,영속시키다,v,"The policy only perpetuates the old problem.",4
perplex,당황하게 하다,v,"The vague instructions perplexed the new hires.",3
persevere,인내하다,v,"The team persevered through several setbacks.",2
pertinent,관련 있는,adj,"Please include only pertinent information.",4
pervasive,만연한,adj,"There is a pervasive sense of uncertainty.",4
pessimistic,비관적인,adj,"He remained pessimistic about the merger.",1
petulant,짜증을 잘 내는,adj,"The petulant reply surprised the whole team.",5
phenomenal,경이적인,adj,"The product had phenomenal first-week sales.",1
placate,달래다,v,"A refund helped placate the frustrated buyer.",4
plausible,타당한/그럴듯한,adj,"That's a plausible explanation for the drop.",3
plight,어려운 처지,n,"The report highlighted the plight of small vendors.",3
poignant,감동적인/절실한,adj,"The retiring manager gave a poignant speech.",4
polarize,양극화시키다,v,"The proposal polarized the whole department.",2
ponder,깊이 생각하다,v,"She pondered the offer for a full week.",2
pragmatic,실용적인,adj,"They took a pragmatic approach to the budget.",3
precarious,불안정한,adj,"The startup's finances remained precarious.",3
precedent,전례,n,"There is no precedent for this kind of refund.",3
precipitate,촉발하다/성급한,v,"The scandal precipitated a wave of resignations.",5
preclude,배제하다,v,"The contract precludes any side agreements.",4
predicament,곤경,n,"The delay put the whole team in a predicament.",3
predominant,지배적인,adj,"English remains the predominant work language.",4
preposterous,터무니없는,adj,"The claim sounded preposterous to investors.",3
prerequisite,전제 조건,n,"Approval is a prerequisite for funding.",3
presumptuous,무례하게 나서는,adj,"It felt presumptuous to skip the review step.",5
prevalent,널리 퍼진,adj,"Remote work is now prevalent across the industry.",2
proactive,주도적인,adj,"The team took a proactive stance on security.",2
proficient,능숙한,adj,"She is proficient in three programming languages.",3
profound,깊은/심오한,adj,"The change had a profound effect on morale.",3
prolific,다작하는/풍부한,adj,"He is a prolific writer of internal reports.",4
propensity,경향/성향,n,"He has a propensity for overpromising deadlines.",5
prosaic,평범한,adj,"The pitch was competent but rather prosaic.",5
prudent,신중한,adj,"It's prudent to keep some cash reserves.",3
pungent,강한 냄새의/날카로운,adj,"His pungent criticism stung during the review.",3
qualm,걱정/불안,n,"She had no qualms about rejecting the proposal.",3
quandary,곤경/난처한 상황,n,"He was in a quandary over which vendor to pick.",5
querulous,불평이 많은,adj,"The querulous tone of the email annoyed HR.",5
rampant,만연한,adj,"Rumors were rampant after the announcement.",2
rancor,원한,n,"There was still rancor between the two founders.",5
rash,성급한,adj,"It was a rash decision made without enough data.",2
rebuke,질책하다,v,"The board rebuked him for the leaked figures.",4
recalcitrant,반항적인,adj,"A few recalcitrant clients refused the new terms.",5
reciprocate,보답하다/상호 교환하다,v,"The vendor reciprocated with a discount.",4
reconcile,조화시키다/화해하다,v,"They finally reconciled the two budgets.",3
redundant,불필요한/중복된,adj,"Several roles became redundant after the merger.",3
refute,반박하다,v,"The data refutes the earlier assumption.",3
relentless,끈질긴,adj,"She was relentless in chasing the deadline.",1
relinquish,포기하다,v,"He relinquished control of the project.",4
reluctant,꺼리는,adj,"The board was reluctant to approve the budget.",1
remedial,교정의/치료의,adj,"Remedial training was offered after the audit.",3
remorse,후회,n,"He showed real remorse for the missed deadline.",3
renounce,포기하다/버리다,v,"She renounced her claim to the old contract.",4
repudiate,거부하다,v,"The company repudiated the leaked statement.",5
resilient,회복력 있는,adj,"The supply chain proved resilient during the crisis.",1
resolute,단호한,adj,"He remained resolute despite the setbacks.",3
retract,철회하다,v,"The spokesperson retracted the earlier claim.",4
reticent,말을 잘 안 하는,adj,"She was reticent about the reasons for leaving.",4
reverence,경의/존경,n,"Junior staff treated the founder with reverence.",4
rigorous,철저한,adj,"The product went through rigorous testing.",3
robust,견고한,adj,"The new system is far more robust than before.",1
ruthless,무자비한,adj,"The market can be ruthless to slow movers.",1
sagacious,현명한,adj,"Her sagacious advice saved the deal.",5
sanction,제재하다/승인,v,"Regulators may sanction the firm for the breach.",3
saturate,흠뻑 적시다/포화시키다,v,"Ads have saturated every channel this quarter.",4
scrupulous,꼼꼼한/양심적인,adj,"He is scrupulous about following the checklist.",5
scrutinize,자세히 조사하다,v,"Auditors scrutinized every line of the report.",2
sedentary,앉아서 지내는,adj,"Office work tends to be quite sedentary.",3
serene,평온한,adj,"The office felt oddly serene during the holidays.",3
severe,심각한/엄격한,adj,"The bug caused a severe drop in performance.",1
skeptical,의심하는,adj,"Investors remained skeptical of the forecast.",1
solace,위안,n,"She found solace in the team's support.",3
solicit,요청하다,v,"The firm solicited feedback from every client.",4
solitary,혼자 하는/고독한,adj,"He prefers solitary work over group meetings.",3
sparse,희박한/드문,adj,"Data for the region was still quite sparse.",3
spurious,거짓된/근거 없는,adj,"The claim turned out to be entirely spurious.",5
stagnant,침체된,adj,"Sales have been stagnant for two quarters.",2
staunch,확고한,adj,"He remained a staunch supporter of the merger.",3
stringent,엄격한,adj,"The new rules impose stringent safety checks.",4
subdue,진압하다/억제하다,v,"Management tried to subdue the growing unrest.",4
subside,진정되다/가라앉다,v,"The controversy eventually subsided.",3
substantiate,입증하다,v,"He could not substantiate the claim with data.",4
subtle,미묘한,adj,"There's a subtle difference between the two plans.",2
succinct,간결한,adj,"Keep your summary succinct and clear.",4
superficial,겉만의/얕은,adj,"The review felt superficial and rushed.",2
superfluous,불필요한,adj,"Remove any superfluous steps from the process.",4
suppress,억누르다,v,"They tried to suppress news of the recall.",1
surreptitious,은밀한,adj,"He made a surreptitious copy of the file.",5
susceptible,취약한/영향받기 쉬운,adj,"Older systems are more susceptible to attacks.",2
tacit,암묵적인,adj,"There was a tacit understanding not to compete.",4
taciturn,과묵한,adj,"The new hire was taciturn during his first week.",5
tangible,실체가 있는,adj,"We need tangible proof before investing more.",2
tedious,지루한,adj,"Filing expenses is a tedious weekly chore.",1
tenacious,집요한,adj,"She was tenacious in pursuing the refund.",4
tentative,잠정적인,adj,"They reached a tentative agreement on price.",2
terse,간결한/무뚝뚝한,adj,"His terse reply left no room for discussion.",4
thwart,좌절시키다,v,"A last-minute bug thwarted the planned launch.",4
timid,소심한,adj,"She was too timid to raise the issue at first.",1
torpid,무기력한,adj,"The office felt torpid after the long holiday.",5
tumultuous,격동의,adj,"It was a tumultuous year for the industry.",3
turbulent,격동의/난기류의,adj,"Markets remained turbulent through the summer.",3
ubiquitous,어디에나 있는,adj,"Smartphones are now ubiquitous in the workplace.",4
unanimous,만장일치의,adj,"The vote to approve the plan was unanimous.",2
unassuming,겸손한,adj,"He's an unassuming leader who rarely takes credit.",3
uncanny,이상한/묘한,adj,"She has an uncanny ability to predict trends.",3
unequivocal,분명한,adj,"The board gave an unequivocal yes to the deal.",4
unprecedented,전례 없는,adj,"The company saw unprecedented growth this year.",2
unscrupulous,비양심적인,adj,"An unscrupulous vendor overcharged the client.",4
unwarranted,부당한,adj,"The criticism seemed unwarranted given the results.",4
usurp,빼앗다/침해하다,v,"He was accused of trying to usurp her role.",5
utilitarian,실용적인,adj,"The office design was strictly utilitarian.",4
vacillate,망설이다,v,"He vacillated between the two vendors for weeks.",5
vague,모호한,adj,"The instructions were too vague to act on.",1
vehement,격렬한,adj,"She gave a vehement denial of the accusation.",4
venerable,존경할 만한,adj,"The venerable firm has operated for a century.",4
verbose,말이 많은,adj,"The report was too verbose for a quick read.",3
veritable,진정한/틀림없는,adj,"The launch was a veritable success by every metric.",5
vex,성가시게 하다,v,"The recurring bug continued to vex the team.",3
viable,실행 가능한,adj,"The plan is financially viable for now.",2
vigilant,경계하는,adj,"Stay vigilant for phishing emails this week.",2
vindicate,정당성을 입증하다,v,"The strong results vindicated her strategy.",4
virulent,악성의/맹독성의,adj,"A virulent rumor spread through the office.",5
volatile,불안정한,adj,"The currency has been extremely volatile lately.",2
voracious,탐욕스러운,adj,"He is a voracious reader of industry news.",3
wane,줄어들다,v,"Public interest in the app began to wane.",3
wary,조심스러운,adj,"Investors are wary of the new market.",2
whimsical,기발한/즉흥적인,adj,"The branding has a whimsical, playful tone.",3
zealous,열성적인,adj,"The new hire is zealous about process improvement.",2
address,주소,n,"Please update your address with the billing department.",1
address,다루다/처리하다,v,"The report failed to address the budget shortfall.",3
novel,소설,n,"She spent the entire flight reading a novel.",1
novel,새로운/기발한,adj,"They proposed a novel approach to the pricing problem.",1
grave,무덤,n,"The old cemetery has graves dating back a century.",1
grave,심각한/중대한,adj,"The company faces a grave risk if the merger falls through.",3
sound,소리,n,"A strange sound came from the server room.",1
sound,건전한/타당한,adj,"The auditors called the accounting practices sound.",3
figure,수치/인물,n,"The latest figure shows a 10% increase in revenue.",1
figure,생각하다/판단하다,v,"She figured the delay was due to a shipping error.",3
plant,공장/식물,n,"The new plant will double our production capacity.",1
plant,몰래 심다/설치하다,v,"Investigators suspect someone planted false evidence.",3
object,물체/목적,n,"The object of the meeting was to finalize the budget.",1
object,반대하다,v,"Two board members objected to the proposal.",1
content,만족한,adj,"He seemed content with the compromise.",1
content,내용,n,"The email's content was leaked to a competitor.",1
present,제시하다,v,"She will present the findings at Friday's meeting.",1
present,현재의,adj,"The present policy does not allow remote work.",1
compound,화합물/복합체,n,"The lab identified a new chemical compound.",3
compound,악화시키다/복잡하게 만들다,v,"Poor communication only compounded the delay.",5
discount,할인,n,"Loyal customers receive a 10% discount.",1
discount,무시하다/경시하다,v,"Analysts discounted the rumor as baseless.",3
irresponsible,무책임한,adj,"It was irresponsible of him to skip the safety review.",3
forgo,포기하다/그만두다,v,"The team decided to forgo the annual bonus this year.",3
moderate,적당한/온건한,adj,"Analysts expect moderate growth next quarter.",1
impulse,충동,n,"She bought the bag on a sudden impulse.",1
pleasant,기분 좋은/쾌적한,adj,"The office has a pleasant atmosphere on Fridays.",1
gratifying,만족스러운/보람있는,adj,"It was gratifying to see the project finally launch.",3
massive,거대한/대규모의,adj,"The company suffered a massive loss last quarter.",1
strict,엄격한,adj,"The company has a strict policy on expense reports.",1
politics,정치,n,"Office politics made the promotion process frustrating.",1
democracy,민주주의,n,"The report examines democracy in emerging markets.",1
dispense,나누어 주다/지급하다,v,"The machine dispenses tickets automatically at the gate.",3
authority,권한/권위,n,"She has the authority to approve the budget alone.",1
refer to,언급하다/참조하다,phr,"The manual refers to the safety guidelines in chapter two.",3
comply with,준수하다,phr,"All vendors must comply with the new safety standards.",3
consist of,~으로 구성되다,phr,"The committee consists of five senior managers.",3
account for,설명하다/차지하다,phr,"Overtime pay accounts for a third of the budget increase.",3
result in,~을 초래하다,phr,"The merger resulted in significant layoffs.",3
result from,~에서 비롯되다,phr,"The delay resulted from a shortage of raw materials.",3
contribute to,~에 기여하다,phr,"Poor communication contributed to the project's failure.",3
adhere to,~을 고수하다/준수하다,phr,"Employees must adhere to the new dress code policy.",3
dispense with,~없이 지내다/생략하다,phr,"The new process dispenses with manual approval entirely.",5
object to,~에 반대하다,phr,"Several board members objected to the proposed merger.",3
apply for,~에 신청하다,phr,"She applied for the manager position last week.",3
apply to,~에 적용되다,phr,"This discount only applies to new customers.",3
compensate for,~을 보상하다,phr,"The bonus was meant to compensate for the extra hours.",3
cope with,~에 대처하다,phr,"The team struggled to cope with the sudden demand.",3
deal with,~을 다루다/처리하다,phr,"HR will deal with the complaint directly.",3
get rid of,~을 없애다,phr,"The company got rid of the outdated software last year.",3
take advantage of,~을 이용하다,phr,"Competitors took advantage of the delay to gain market share.",3
in charge of,~을 담당하는,phr,"She is in charge of the entire marketing department.",3
in accordance with,~에 따라,phr,"The refund was issued in accordance with company policy.",3
with regard to,~에 관하여,phr,"With regard to the budget, no final decision has been made.",3
on behalf of,~을 대신하여,phr,"He signed the contract on behalf of the CEO.",3
regardless of,~에 관계없이,phr,"All employees must attend, regardless of seniority.",3
prior to,~에 앞서,phr,"Please submit the report prior to the meeting.",3
subsequent to,~후에,phr,"Subsequent to the audit, several policies were revised.",5
pertaining to,~에 관련된,phr,"Please forward any questions pertaining to payroll to HR.",5
irrespective of,~와 무관하게,phr,"The rule applies irrespective of department size.",5
for the sake of,~을 위하여,phr,"They merged the teams for the sake of efficiency.",3
in lieu of,~대신에,phr,"Staff received extra vacation days in lieu of a bonus.",5
in conjunction with,~와 함께/공동으로,phr,"The launch will happen in conjunction with the marketing campaign.",5
by virtue of,~덕분에/~에 의하여,phr,"He got the role by virtue of his prior experience.",5
as well as,~뿐만 아니라,phr,"The report covers revenue as well as customer satisfaction.",3
either ~ or,~이거나 ~이거나,phr,"You can either email the form or submit it in person.",3
neither ~ nor,~도 ~도 아닌,phr,"Neither the manager nor the staff were informed in advance.",3
no sooner ~ than,~하자마자,phr,"No sooner had the meeting started than the fire alarm went off.",5
rather than,~보다는,phr,"They chose to negotiate rather than file a lawsuit.",3
toilsome,힘든/고생스러운,adj,"The manual data entry was a toilsome process before the update.",5
revolution,혁명,n,"The internet caused a revolution in how companies communicate.",1
refuse,거절하다,v,"The vendor refused to lower the price any further.",1
committee,위원회,n,"The committee will review the proposal next week.",1
drench,흠뻑 적시다,v,"The sudden storm drenched everyone walking to the office.",3
be drenched in,~에 흠뻑 젖다,phr,"He was drenched in sweat after the emergency drill.",3
asteroid,소행성,n,"The mission aims to study an asteroid near Earth's orbit.",3
fossilize,화석화되다/경직되다,v,"Some of the old procedures had fossilized into pointless rituals.",5
painstakingly,애써서/정성껏,adv,"She painstakingly reviewed every line of the contract.",5
sentiment,감정/정서/여론,n,"Investor sentiment turned negative after the announcement.",2
tighten,강화하다/조이다,v,"The bank tightened its lending standards this quarter.",1
tighten up on,~에 대해 단속을 강화하다,phr,"Regulators plan to tighten up on insider trading.",5
dismiss,해고하다/일축하다,v,"The board dismissed the rumor as baseless speculation.",3
compensate,보상하다/보완하다,v,"The airline offered to compensate passengers with travel vouchers.",3
obsessed,집착하는/사로잡힌,adj,"The founder became obsessed with product perfection.",1
be obsessed with,~에 집착하다,phr,"He is obsessed with hitting the quarterly target.",3
flawless,완벽한/결함없는,adj,"The audit found the report to be flawless.",1
convinced,확신하는,adj,"She was convinced that the merger would succeed.",1
be convinced of,~을 확신하다,phr,"The board was convinced of the plan's long-term value.",3
permit,허용하다,v,"The new policy permits remote work twice a week.",1
estimate,추정하다/추산하다,v,"Analysts estimate a 5% increase in revenue next year.",1
council,의회/평의회,n,"The city council approved the new budget.",3
enact,제정하다/시행하다,v,"Lawmakers enacted the bill after months of debate.",3
unanimously,만장일치로,adv,"The board voted unanimously to approve the merger.",3
immediate,즉각적인,adj,"The CEO demanded an immediate response to the complaint.",1
legislator,입법자/국회의원,n,"Legislators debated the new tax bill for weeks.",3
reword,다시 표현하다/고쳐 쓰다,v,"Please reword the clause to avoid any ambiguity.",3
corporate,기업의/법인의,adj,"The corporate office announced a new remote work policy.",2
trickle-down,낙수 효과의,adj,"Critics doubted the trickle-down effect of the tax cuts.",5
genuine,진정한/진짜의,adj,"Her genuine concern for the team boosted morale.",1
absorb,흡수하다,v,"The parent company absorbed the smaller startup last year.",1
audience,청중/관객/독자층,n,"The keynote speaker connected well with the audience.",1
enduring,지속적인/오래가는,adj,"The merger created an enduring partnership between the two firms.",3
cone,원뿔/솔방울,n,"The warehouse floor was marked with orange safety cones.",1
awe,경외감,n,"The new headquarters left visitors in awe of its design.",3
frailty,허약함/약점,n,"The report exposed the frailty of the company's supply chain.",5
reimburse,환급하다/변제하다,v,"The company will reimburse employees for travel expenses.",2
streamline,간소화하다,v,"The new software helped streamline the approval process.",2
outsource,외부에 위탁하다,v,"The firm decided to outsource its customer support.",2
leverage,활용하다/지렛대로 삼다,v,"The startup leveraged social media to reach new customers.",2
overhaul,전면 개편하다,v,"Management plans to overhaul the entire billing system.",2
prioritize,우선순위를 정하다,v,"Employees were asked to prioritize urgent client requests.",1
delegate,위임하다,v,"A good manager knows how to delegate tasks effectively.",2
downsize,규모를 줄이다,v,"The company had to downsize after losing its biggest client.",2
restructure,구조를 조정하다,v,"The board voted to restructure the sales department.",2
relocate,이전하다,v,"The office will relocate to a new building next spring.",1
subsidize,보조금을 지급하다,v,"The government agreed to subsidize the training program.",2
diversify,다각화하다,v,"The company plans to diversify its product line this year.",2
negotiate,협상하다,v,"Both sides agreed to negotiate a lower price.",1
procurement,조달/구매,n,"The procurement team reviewed three vendor proposals.",2
logistics,물류,n,"Logistics delays pushed the shipment back by a week.",2
forecast,예측하다/예측,v,"Analysts forecast steady growth for the next quarter.",1
turnover,매출/이직률,n,"Employee turnover dropped after the new benefits were introduced.",2
layoff,해고/정리해고,n,"The company announced a round of layoffs last month.",1
severance,퇴직금/해고 수당,n,"Laid-off staff received two months of severance pay.",2
freelance,자유 계약으로 일하다/프리랜서의,adj,"She works freelance for several design agencies.",1
entrepreneur,사업가/기업가,n,"The entrepreneur launched her second startup this year.",1
franchise,가맹점/독점 판매권,n,"The company sold its first overseas franchise last year.",1
subsidiary,자회사,n,"The subsidiary reports directly to the parent company.",2
headquarters,본사,n,"The headquarters relocated downtown last spring.",1
affiliate,계열사/제휴하다,n,"Each regional affiliate manages its own marketing budget.",2
stakeholder,이해관계자,n,"The plan needs approval from all key stakeholders.",2
shareholder,주주,n,"Shareholders voted against the proposed merger.",2
dividend,배당금,n,"The company paid its first dividend in three years.",2
surplus,흑자/잉여,n,"The division reported a budget surplus this quarter.",2
deficit,적자/부족,n,"The department is operating at a significant deficit.",2
inflation,물가 상승/인플레이션,n,"Rising inflation cut into the company's profit margin.",1
recession,불황/경기 침체,n,"The firm cut spending during the last recession.",1
fiscal,회계의/재정의,adj,"The new fiscal year begins in January.",2
asset,자산,n,"The company's biggest asset is its skilled workforce.",1
liability,부채/책임,n,"Unpaid invoices are listed as a liability on the balance sheet.",2
equity,지분/자기자본,n,"Investors received equity in exchange for funding.",2
litigation,소송,n,"The dispute ended in litigation after talks failed.",2
workload,업무량,n,"Her workload doubled after two colleagues resigned.",1
initiative,주도권/새로운 계획,n,"The team launched a new initiative to cut waste.",1
incentive,장려책/인센티브,n,"The company offers incentives for meeting sales targets.",1
benchmark,기준/벤치마크,n,"They used a competitor's pricing as a benchmark.",2
milestone,중요한 단계/이정표,n,"Launching the app was a major milestone for the team.",1
mentorship,멘토링/지도,n,"The program pairs new hires with a mentorship partner.",1
internship,인턴십,n,"She completed a six-month internship before joining full-time.",1
headcount,인원수,n,"The department's headcount grew by ten this year.",2
payroll,급여 지급/명부,n,"The company processes payroll on the last Friday of the month.",2
voucher,상품권/할인권,n,"Customers received a voucher for their next purchase.",1
warranty,보증/품질 보증,n,"The laptop comes with a two-year warranty.",1
prototype,시제품/원형,n,"The team built a working prototype in three weeks.",1
scalability,확장성,n,"Investors were impressed by the platform's scalability.",2
sustainability,지속 가능성,n,"The report focused on the company's sustainability goals.",1
accountability,책임감/책임 소재,n,"The new policy improved accountability across teams.",2
versatile,다재다능한/다용도의,adj,"He's a versatile employee who can handle multiple roles.",2
adaptable,적응력 있는,adj,"The software is adaptable to almost any workflow.",2
resourceful,수완이 좋은,adj,"She's resourceful enough to solve problems without help.",2
assertive,자기주장이 강한,adj,"He learned to be more assertive during salary negotiations.",2
tactful,신중하고 요령있는,adj,"The manager gave tactful feedback after the mistake.",2
diplomatic,외교적인/신중한,adj,"She handled the client complaint in a diplomatic way.",2
punctual,시간을 잘 지키는,adj,"He's always punctual for morning meetings.",1
thorough,철저한,adj,"The audit was thorough and took two full days.",1
consistent,일관된,adj,"Her performance has been consistent all year.",1
reputable,평판이 좋은,adj,"They hired a reputable contractor for the renovation.",2
trustworthy,신뢰할 수 있는,adj,"He built a reputation as a trustworthy advisor.",1
transparent,투명한,adj,"The company promised to be more transparent about pricing.",1
accountable,책임이 있는,adj,"Managers are held accountable for their team's results.",2
alliance,동맹/연합,n,"The two companies formed a strategic alliance last year.",1
spectator,관중/구경꾼,n,"Thousands of spectators watched the product launch livestream.",3
sheer,순전한/완전한,adj,"It was sheer luck that the shipment arrived on time.",3
repetition,반복,n,"The training relies heavily on repetition to build habits.",1
accomplish,성취하다/완수하다,v,"The team accomplished the goal ahead of schedule.",1
invention,발명,n,"The invention changed how the factory processed orders.",1
worthwhile,가치 있는,adj,"The extra training turned out to be worthwhile.",1
invest,투자하다,v,"The company plans to invest heavily in new equipment.",1
anglicize,영어식으로 바꾸다,v,"The brand name was anglicized for the US market.",5
discrimination,차별,n,"The policy aims to prevent discrimination in hiring.",1
merchant,상인/무역업자,n,"The merchant negotiated a better rate with the supplier.",2
urge,촉구하다/충동,v,"Analysts urged investors to remain cautious.",1
priority,우선순위,n,"Customer safety is the company's top priority.",1
emphasize,강조하다,v,"The report emphasizes the need for faster delivery.",1
genome,유전체/게놈,n,"Researchers mapped the genome of the new virus strain.",5
fossil,화석,n,"The museum displayed a rare dinosaur fossil.",1
clone,복제하다/복제품,v,"Scientists managed to clone the original cell line.",1
hence,그러므로/따라서,adv,"Demand fell sharply, hence the price cut.",3
sodium,나트륨,n,"The product now contains less sodium than before.",3
medication,약물/약,n,"Employees on medication should inform HR before travel.",1
perspiration,땀/노력,n,"The report credited the launch's success to years of perspiration.",5
vigorous,활발한/격렬한,adj,"The team launched a vigorous marketing campaign.",3
downturn,하락/침체,n,"The company cut costs during the economic downturn.",2
layperson,비전문가/일반인,n,"The manual was written for a layperson, not an engineer.",3
establishment,기관/시설/설립,n,"The new establishment opened downtown last month.",2
violation,위반,n,"The audit found several violations of company policy.",1
constitution,헌법/구성,n,"The company's constitution outlines shareholder rights.",3
election,선거,n,"The union held an election for a new representative.",1
embody,구현하다/상징하다,v,"The new logo embodies the company's core values.",5
shall,~할 것이다(격식체 조동사),v,"The tenant shall pay rent by the fifth of each month.",3
diagnosis,진단,n,"The consultant's diagnosis pointed to a staffing problem.",2
suffer,겪다/고통받다,v,"The division suffered a sharp drop in sales.",1
placement,배치/취업,n,"The agency handles job placement for new graduates.",1
roam,돌아다니다,v,"Employees are free to roam between departments during the open house.",3
peer,동료/또래,n,"She felt pressure to fit in with her peers.",1
waist,허리,n,"He wrapped a belt around his waist.",1
extensive,광범위한/폭넓은,adj,"The company conducted extensive research before launching the product.",2
circadian,일주기의/24시간 주기의,adj,"Jet lag disrupts your circadian rhythm.",4
fraud,사기,n,"He was arrested for credit card fraud.",2
reader,독자,n,"The novel appeals to readers of all ages.",1
for instance,예를 들어,phr,"Many fruits, for instance apples and oranges, are rich in vitamin C.",2
pesticide,살충제/농약,n,"Farmers sprayed pesticide on the crops.",3
inheritance,유전/상속,n,"Eye color is determined by genetic inheritance.",3
chromosome,염색체,n,"Humans have 23 pairs of chromosomes.",4
inborn,선천적인,adj,"Some talents seem to be inborn rather than learned.",3
metabolic,신진대사의/대사의,adj,"Exercise can boost your metabolic rate.",4
supersede,대체하다/대신하다,v,"The new policy supersedes the previous one.",3
accurately,정확하게,adv,"The sensor measures temperature accurately.",2
manageable,관리 가능한/감당할 수 있는,adj,"She broke the project into manageable tasks.",2
homosexual,동성애자,n,"The law protects homosexual couples from discrimination.",2
funeral,장례식,n,"Hundreds of people attended the funeral.",1
policy,정책,n,"The company changed its return policy.",1
marginalized,소외된,adj,"The program supports marginalized communities.",3
intentional,의도적인,adj,"I don't think that mistake was intentional.",1
sculptor,조각가,n,"The sculptor carved the statue from a single block of marble.",1
household,가정/가구,n,"Every household received a survey in the mail.",1
burden,부담/짐,n,"Taking care of him became a heavy burden on the family.",1
infrastructure,사회기반시설/기반시설,n,"The government invested in roads and infrastructure.",3
assembly,조립,n,"Workers on the assembly line put the parts together.",2
manufacturing,제조/제조업,n,"The factory specializes in manufacturing car parts.",2
curb,억제하다/제한하다,v,"The government introduced measures to curb inflation.",2